x1,x2,x3,y
0.43490846436196007,-0.26130936170787367,0.09552170008398675,1.860594300579661
-0.15020975752385768,1.0,0.745435324507812,9.52461658999869
0.6371307152388077,-0.4327330350513865,0.5189317628472392,1.6444811231200518
-0.8478168900305494,-0.557316558448611,0.5649703207962655,2.7949085212869305
-0.09274686043530656,0.0961738359859603,-0.6175318567272061,0.7590827154522
0.9736579213692353,-0.2938081523533711,0.48743224435735955,4.99602497891929
1.0,-0.20565984413857197,-0.4544812979397592,4.122290958476138
-0.4494537623786843,-0.9916680368451203,-0.1427553678176614,4.108249152525422
-1.0,-0.4150170729271714,0.20537295393465826,-2.591441976683516
-0.9157266072160433,-0.6571176071064195,-0.7385053779850901,2.707576481728804
0.5307381459707137,-0.057762532923584464,-0.48972736250412474,1.0651967553094104
-0.9389886460093264,1.0,-0.5087396149123014,8.682845093691771
-0.2952103791854568,-1.0,-0.8210703430321655,-7.129670495754926
-1.0,-0.6066850558711339,-0.26029681224198375,-0.279971036681007
-0.009362661533726557,0.5120753686119912,-0.37303012252200873,-0.3317008412378852
-0.8801327738709881,-0.49243454363832173,-0.8894112341544789,2.231543695303353
1.0,0.07363078897952913,-0.26480746544809186,4.592796963556373
0.11577109591890244,-1.0,0.7060073984152018,-0.9566316012285276
-0.7461272348601884,0.39417781524541784,-0.11883562945678894,-2.630656263481093
1.0,0.43412704224244014,0.3551166329569311,8.219264834045196
-0.42371171613296577,-0.11080525428170551,-0.01452649825315655,0.2398956377022965
0.09982073184374674,-0.3925384044712301,0.4154431226649238,1.580652548915168
0.5427353910598782,-1.0,1.0,-6.694075957485311
-0.6051405562941634,0.9358668323395107,-0.27662146225266193,2.8277462416560337
-0.97254780362997,-0.1475764171955818,1.0,3.6849236240310272
-0.4088639805151506,0.4604710152990239,-0.15711484513032925,-0.7059793170179103
1.0,0.7251349431231959,-1.0,17.57683722751229
-1.0,-0.8690497960092107,1.0,18.740679030116453
0.6912995315197472,-0.26520308690807615,0.9181028521623669,-0.7700599718200634
0.8317500223919472,-0.6374659964909897,-0.8403467913730365,-1.2139562359742526
-0.4028562994682914,1.0,-1.0,0.9290757061880162
0.2928009566839409,-1.0,-0.5467976429732162,-2.2510245909884334
0.1986192720451203,0.7447690100558544,0.8014363835311629,3.7321754187941805
-0.24868846111158072,-0.9127845959589591,-0.622347152183246,-0.1068529846430519
0.24964791234652206,-0.8374440673377443,1.0,-3.687302632276068
0.09150579249825097,1.0,0.26701623221587667,6.947483573436918
-0.2066832215561878,-0.971304514436278,0.5927084032380796,2.0525075863335314
0.23931489701426045,0.08661932399124694,-0.8470267363321553,-0.10131181977239347
0.17041089569088985,-0.9634320853668026,-0.10037272402677644,2.083450217934478
0.5637244550811207,1.0,-0.8901543183464444,10.961557612327184
0.23052301303383538,-0.057714395875453794,-0.11055920864315105,1.256512233736503
-0.005025313775648854,0.41231047828483214,0.11618814315769299,0.22972740521547927
-0.6395106918635927,-0.7918794218184926,1.0,2.475080689731742
-0.018365183024267484,0.08257821978566682,0.3780236190874835,0.44034193414165634
-0.9701882641854918,0.5999851194130894,1.0,6.474581672075193
-0.7949369012699277,-0.18490514369826916,0.5602603380037703,-1.0796312199420524
-0.5478591327177706,0.5451026384639386,0.9288208317967335,3.6666203592644058
-1.0,1.0,0.16260942128991518,5.801241988562519
-1.0,-0.9417742226858719,1.0,20.67257152585079
0.3847327788688706,0.9303236973431723,-1.0,2.1672045857401905
-0.6849912977561308,-0.024425996438372177,0.5032972889555618,-0.48315409622434946
0.348569160205894,-0.12932832088012702,-0.9792900881098385,-3.3177327697715597
-0.5309087693015309,1.0,0.347886976434332,4.681348201635413
-0.16885807045531465,-0.4273458819420386,-0.586215341475991,0.8888610538899904
0.20973630552190548,-0.14647718885878036,-1.0,-3.792163313570899
-1.0,-0.774354863945532,0.5226761505379076,6.203089441196357
-0.5808373751287814,-0.33072270439847573,1.0,2.2334817568631866
-0.939969380257516,-1.0,-0.228727461088849,7.180320896442888
0.6629211212558881,-0.4020380410939608,-0.5233650428749093,0.5777288644260881
-1.0,0.791657429036051,0.48978433787487163,-2.758583748683385
-0.6641869588345584,-0.8690775457539834,-0.528514949227012,1.9954637376341735
-0.19446045649056742,-0.2123416110514973,-0.5157907854981616,0.56093688043852
0.921347922476127,-0.705236418000909,-0.9048494248006109,-2.078345679333636
-0.031028154088049043,1.0,0.151455321869145,7.979772736955746
-0.48157239420684306,0.9880552619216185,-0.5319382617157287,5.521249476790523
-1.0,0.1598722600913589,0.5298178630395696,-4.791276277642464
0.24260611875675786,0.6832481431958184,-1.0,-3.5274299876082518
0.7334531344657762,-0.7364863689393151,-1.0,-10.08873806012787
1.0,-0.4421206020134829,0.027160236742393762,4.247784897173037
0.5971937133429857,-0.02613267342704817,-0.2107841718250263,1.0531069105059734
0.8856289183125605,0.021416172917606335,0.19613464446803164,3.437044946329812
0.3298266988056455,0.17285310617090266,-0.6399015395858645,1.2739135595010787
-0.4323689419197496,0.4660806711396006,-0.03166980410168718,-0.7321502710225998
-0.20735542915592542,-0.5651677755025137,0.7872096368439503,-0.019887949330546544
-0.00590863265152608,1.0,0.3837890030548452,6.97145425165685
-0.3016962870673636,-0.7648810923950871,-0.6439180164770537,0.2683033939693148
-0.10743180614886527,-0.017121359182024065,0.08161736153670196,-0.2646616109953112
0.735797524013809,-0.5785357779555258,-0.2883735239765488,0.9314380722340123
-0.31755250951485126,-0.22662862292268593,1.0,0.29455931647837114
0.6352175933626645,0.5358737775389624,-1.0,-1.0227288918288193
-0.513548243886176,0.2716953095577632,1.0,1.823232849998227
0.014376536257836525,-0.2705576937024732,1.0,-0.7191077077205847
1.0,1.0,0.8457221944282245,20.57111671535783
0.8217751383208396,-0.8651926482537482,-0.7118005244027379,-3.475455441991123
-0.27158049627856107,-0.5354923034060786,-0.920480638202676,-2.522488241469184
0.2965578853059623,0.3396756839229911,0.10738783625401616,1.1501892440236692
0.32355090756321037,0.030368688823463996,-0.05968023608237494,1.063323294432679
0.6312872864402517,-0.5260615589049238,-0.854576632255083,-2.487491135580826
0.3180834663310772,0.6049484940653307,0.09960991336315606,1.8629478980875414
1.0,-0.06820379605859617,-1.0,7.19546866948081
-0.05554623728465424,-1.0,-0.8539134845416851,-9.075577364950178
-0.5340953472456968,-1.0,0.9945324767391934,-2.8946629247949662
0.715747009882467,-0.03888011604003738,-0.6537615288061764,2.108138397589859
-0.11161585164902377,0.02070840576038324,0.21122618950194716,0.42439662052999494
-0.6513117140214253,1.0,-1.0,0.9850550870902928
0.05539442997032351,-0.17365601668912878,0.7534635260486835,0.14199549046839052
1.0,0.13349299737604992,-1.0,10.21035265831285
-1.0,-1.0,0.4628221150096117,11.64851942413727
-0.5034670442733744,0.49974884311149337,-1.0,-2.5439768504358695
-0.21850657655615358,0.8401468879566869,0.7596516445422199,4.24450299839267
-0.36665153732667655,0.26854355637482086,1.0,2.087164375134815
-0.1375786944491555,0.27299950846573107,-0.6910963332893716,-0.7033621503747641
0.24103079616291345,1.0,1.0,10.84309681170425
-0.16526439103723445,0.12339014924910163,0.16170841108116663,-0.5282578166214242
0.02270525219676567,-0.40989200213428556,1.0,-1.5103728007724966
0.01924192662030122,-0.06465002642638074,0.5188681762518712,-0.14944204205463835
-0.15373894558347456,-0.30872203325307024,0.3354402814603086,-0.10220640083063903
-0.20322360778219117,-1.0,0.6653545385156836,0.3293603419174401
-1.0,-1.0,-0.07390141995332655,7.5112187150214105
1.0,0.28792374259578546,0.7074150292894756,11.221682466250938
-0.832072165160433,-0.19246369332221303,-0.1206250493310701,-1.3126828328160813
-1.0,-1.0,1.0,20.814001304856717
-0.8636377673591895,0.6185566823831394,-0.8683073138040838,3.209689302707688
1.0,0.2095327087326031,-1.0,10.735074649516074
-0.2704879398261828,0.5580262368620914,0.9647490921314106,3.3742466285632333
0.5145704634728003,-0.2920169780722397,-1.0,-4.737657805184217
-0.10799192248931555,-0.0796710377288199,-0.5600106142840655,-0.2759803545457422
0.8112615455322933,-0.747336795865748,-0.6237464066607838,0.14360634278228718
0.5794706042637878,0.1709402450592139,-1.0,-1.0978722547042072
-0.63269070631804,0.8081856470944133,0.3658710308504134,-1.2374180890308923
1.0,-1.0,-0.8934455619311339,-21.661395896510502
-0.5391842962142521,0.10986804300301345,-0.1447821970357237,-0.4739617126407119
-0.4695093059994069,0.9156108648857113,1.0,13.175160532140053
0.1802009545717449,-0.9798202236116129,-0.5174945409783651,-0.41252571169440333
-0.6534537268820286,1.0,0.19987785159827243,4.553962498367413
-1.0,0.015212895006705862,1.0,3.4169424793780383
0.004513540023479701,0.40851054686379373,0.026246737099224315,0.4078076982512614
-0.16614671160257588,1.0,0.09391346980402493,7.808414353474683
-0.00010953585186479486,0.06997824413763554,0.8982989482521757,-0.4005244230912022
-0.6161066151847328,1.0,-0.126566865270048,5.192650550375435
0.2945482803151904,1.0,-0.8121599261110697,10.370599819830051
0.6272104381485628,1.0,0.19633159443331993,7.282162969890739
-1.0,-1.0,-0.5150432143915944,5.060434848174593
-0.4841211533447223,0.8743140151842803,-0.1927298721222508,1.3907991901266437
1.0,1.0,-0.3289194313288706,17.202864439462388
-0.6579127676648411,-0.4650417101011959,-0.814141690861145,0.07780254572544876
-0.5766907440424351,-0.8093016033980192,0.4633515433471831,1.508780780205967
0.6135799919593998,-0.5503484257878519,0.056649792115439856,1.4148649211435227
0.9509098627309462,0.38636835416353144,-0.5382654848634403,4.004325400494552
0.011210947516943293,0.14134623767941812,0.4597209428468072,-0.38008758074959015
-0.7200487931655948,0.35715528636549165,0.6576794695525849,-1.8307504112152213
0.19024863394599079,0.49134936446793653,0.024787056302149946,0.7241274690896687
-0.5865471333334329,-0.5775646637371328,0.7916423479574457,1.7742619236218522
-1.0,-1.0,1.0,21.859690622208465
-0.33219573776132894,0.37103870121591154,1.0,2.9077157415647235
-0.2091878215907379,-0.24162870052478547,0.03222289652608179,0.09406246842310273
-0.1806976534346465,-0.18492964967730918,1.0,0.19362701108268085
0.40056317245281403,0.07649199256548012,1.0,-0.2452567421524547
-0.2990635906291219,-1.0,0.3713093384003765,1.644438061742044
-0.9753793823794268,-1.0,1.0,19.480808536472207
0.40288761938163353,-1.0,-0.7636787554063258,-8.183992462936393
1.0,1.0,-0.7421898913784661,27.34299128402657
0.53690036855171,0.8309427779426937,0.14709502963241983,2.915310308120118
-0.3556444902277145,-0.057849399620264474,-0.7081080429767854,0.2587394620747128
-0.9902515394525162,0.165831493751466,-0.907066813737111,7.814900670329478
-0.4162237563369753,-1.0,-1.0,-12.938862262994087
0.23833854327661785,-0.9539714516598023,0.05491229906872919,2.2359097958994747
0.13464331563129273,0.7771681755449247,0.30833553677064507,2.289021291165133
-1.0,-1.0,1.0,22.23041394286834
0.5848767057198179,0.39384053797301144,-0.9200533812073881,-0.4036404619175117
-1.0,-0.6849086831529121,-0.649230365086586,1.185770267103154
1.0,0.6818429734308726,-0.5568462684790028,6.649577274208734
0.2251445099535827,1.0,-0.23161427876262142,9.303636193793373
0.42381315654158835,-1.0,-0.9109476949667525,-14.313678569838455
1.0,-1.0,-0.06570385308941828,-8.45634448920088
0.42570992208503267,0.27403246573199835,0.3459757928491938,0.47173457664494944
0.08301849930988081,-0.33494613772125614,-0.4900272229300471,1.1432980645530677
-0.04709987581315711,0.22186311992808072,-0.6686277383923058,-0.36660373147213177
0.3605316584918452,-0.3105952315837859,-0.18900338980600884,1.570569576979576
-0.21351723432212255,0.06472174305539258,-0.47909139667804657,0.652187872268247
1.0,-0.2842034673512548,0.0006333219106136045,4.881436711206328
0.9623593172925287,-0.6041978491916198,-0.5092477658229637,2.4896330764376
1.0,-0.6417960366369384,1.0,3.2254568442250244
0.7969085819885926,0.6449042276181591,1.0,11.816596168965969
-0.46098287084341893,1.0,0.8067860699156684,9.92612184108511
-1.0,0.771861280975565,0.07936317619717359,-0.8463515141680502
-1.0,0.1266462294671682,0.002717637288154773,-4.544818645819452
-0.18275578540776016,0.3116199547229488,0.7201135856204166,0.6647243303102228
0.28217144115401105,0.1251545632619795,0.7438112887678536,0.6159448895471483
0.8007508248432917,-0.40323233470933206,-0.16366120015272445,1.7430496148312191
0.023185749463051852,0.46967780097190426,1.0,2.110223678141284
1.0,-0.08127491412543475,-0.4244515082114839,5.463386065091067
1.0,-0.43893398543403817,0.12098734429893931,3.552041971525549
0.9004420718724961,0.31625116386073704,-0.0153414934531646,3.8231566981534923
0.7534756740494477,1.0,-0.16215901095354202,9.320308536798576
0.32159221637578694,-0.610811004779821,-1.0,-7.0934244258385775
0.9703082410598329,0.9790001062434399,0.603387764983971,13.439880484277541
-0.5504659857465408,-0.8684041062877093,1.0,1.1580328964726694
-1.0,-0.7191354721997256,-1.0,6.002178039754243
0.012778503053623824,-1.0,-0.04536552396288229,2.4961897509998487
0.36140658133831116,-1.0,-0.4886015819588845,-1.0816778150350936
-1.0,-0.7234764818805139,0.23194432088068484,2.7540168873762583
1.0,-0.9073503224997723,0.4183808497558934,-2.249891344250538
-0.08470986692489846,0.5687638875281751,0.2637227688435859,0.3159223682743594
-0.08313797311829774,0.2771105255154904,0.1721227636269702,-0.07099905284558096
-0.25092222210265724,-0.46240479315691996,-0.7839501321766487,-0.2055272564583877
-0.3631878802417199,0.41441162438208035,-1.0,-3.9342816971779726
1.0,-0.8898997514491351,0.706580807859972,-1.6965113147374877
0.8544144810827343,-0.896387499344417,0.5051368467970823,-1.1678801939895846
-0.5142932678398882,-0.5838486280192003,-1.0,-2.9673807633563896
-0.40434897767814504,-0.43241783318382176,0.5895526853738768,0.7092609318176173
1.0,0.12500564198243613,1.0,15.231047294235417
-0.32001285010097646,-1.0,1.0,-5.353490307538956
-0.7861730046263384,-0.3419293945325599,1.0,4.108668426239447
0.0772881004550352,0.1940578559667827,-0.9098184252830466,-0.8335870339826085
-0.6756564565581076,-1.0,0.539771121067764,5.303334056596525
-1.0,-0.08083304331456609,-0.2216538894940996,-4.158255963640117
0.5562969653447842,-0.03729539233527723,-1.0,-3.0888197732392726
1.0,-0.9516429746409845,-1.0,-22.097483808801943
0.9566875025317705,1.0,-0.5239365186911373,19.206264472202946
0.6036114268717125,0.46907415725024526,-1.0,-2.2997542524912937
-1.0,0.28398106463816664,-0.13759887175493257,-3.8338461208897
1.0,1.0,1.0,25.50698010342993
0.19092940096091793,-0.5422097291280079,0.2537673119804995,0.6685597887482772
-0.4701114868411227,1.0,-0.5781958561192846,4.667332492733454
0.34365435063286043,0.6898785690219318,0.8526083645703122,3.2890065216669546
0.9394374026946468,-1.0,-1.0,-29.055133841108887
-1.0,-1.0,0.681737798914767,15.438660325607767
0.45070544944597946,-0.4490593712007518,-0.7193664047241581,0.7878585984859536
-0.8939342958110632,0.5140958985079966,-0.5916102152359584,0.07986912146545372
0.2419589121247543,0.24829262508877714,-0.006065415723931267,0.7507514745121715
0.16598925989549507,0.1926728859859974,0.7696539359791801,0.884931926935605
-0.675055539243909,-0.12352752501462416,-0.7194780776426046,0.9250434766654286
1.0,-0.5294574438899631,1.0,4.298144596716312
0.5114380224067887,-0.6500229915120372,0.2908168837957912,1.0725446696465415
0.379644980169046,0.08649028916548884,-0.7162457182298672,0.5375161346871155
-1.0,-0.13303997641062582,-0.796260016707075,1.60935042920976
-1.0,1.0,0.16572799049387488,5.907132482178941
-0.5405625594491683,0.9649719615692154,0.841087845138504,8.36642205639274
1.0,0.6061096198783196,0.5617101906639519,10.802616180800479
-0.16509157744824754,-0.5345566390070242,-0.35872990858183074,1.1087498429155178
1.0,-0.8875970124260941,-0.9185214231613854,-8.268206951970045
-0.9079084583381145,0.7908580170325332,0.9101879727833659,4.319566516046822
-1.0,-0.3260343293277288,0.6769045355011927,0.014792871831495469
-1.0,-0.14267772896536046,-0.32762809437291596,-2.5810541769296207
-0.17322012253541286,-1.0,1.0,-6.162110427690313
0.6027416157112222,-0.9006966278336876,-0.00022325904187692203,0.532207423022845
-0.6796688126533468,-1.0,-1.0,-7.747024623844043
1.0,-1.0,1.0,-9.32428743333574
-1.0,-0.4236447626348909,0.6896179512376077,0.9809248885453219
0.6145106118838286,-1.0,0.47320180763157316,-0.0838145433177433
0.35983523153705677,0.05685936669632041,-0.3926021890585456,0.3658253632412187
0.61618254342296,0.0005756255994351367,-0.09423911979199673,1.5621399605153827
1.0,0.42453085919394673,1.0,21.077104437600422
0.39751785453914223,-0.37526502295706443,1.0,-2.2868203281495583
-1.0,-0.5248825665481887,-0.14909504073806734,-1.4450867321674647
0.7408649741868638,-0.5161327630835952,0.3402110602920221,1.2389410635886584
-0.20258273163526463,0.7335278926529638,1.0,6.713815882855587
-0.9688730843301334,1.0,0.157725460384466,4.435741064213922
-1.0,1.0,-0.6557646652308513,12.311183322691337
1.0,0.06510118197727643,-1.0,8.653486320449415
0.18647962080481695,0.004531388238437906,0.9733660102446302,-0.7820245029319299
-0.0464723283965649,-0.7471433384122448,0.614105625983316,0.7007553202878375
1.0,-0.17681487937603868,1.0,8.91514971602105
-0.19089490664266662,0.05413176970154954,0.912550567555279,-0.1323751559095457
-1.0,0.3855274402903579,-1.0,16.0451143870047
1.0,-0.8290102498262333,0.018956063943098567,-0.31027144459557354
-1.0,0.3104476585661178,1.0,3.0344536751196656
-0.7444043715310955,0.5462415604688298,1.0,4.478283370437449
-0.027312717265330244,-0.7837723491948669,-0.15807844808855198,2.4545746290015296
0.35497552524693754,-0.031481367279718286,0.79712803649251,-0.24508978489720215
0.12507134457240676,-0.618489127702923,-0.35796534782973466,1.158769169471771
0.5231414661811056,0.19091001356422588,0.2232007862525316,0.8369392826062744
-1.0,0.24912749552097369,-0.9873141449033032,13.911598033993677
0.44007624961434133,0.8939965010865283,1.0,8.548550216765957
-0.26754748532360484,-0.2629600436527244,0.0375896734879273,0.8277892417738504
-0.49967910667532145,1.0,0.9157629203940043,12.863219793970883
0.532179623553408,0.7667242075260103,0.08719968375065057,2.511614571785212
-1.0,-0.02296141859421108,-1.0,10.913957737247257
-0.5524982496525566,0.923452890787684,0.3794113825505252,2.320751582183261
-0.06283025202923809,-0.03366495661270963,0.21887868879792038,0.657128825353902
-1.0,0.3395134336051788,0.09763179181592929,-4.209579756554139
-0.6481134729287461,0.005519003286371449,0.22429375186288225,-0.22497578059614043
0.656648347888048,0.5635330636064548,-1.0,-1.8914686195627963
0.5031008697134778,-0.8161122968502592,1.0,-5.061010510788595
0.249200657146599,0.12362690016349531,0.3380612665292353,1.6789907791479597
-0.5711015122738305,-0.882146522829548,-0.005100433469633625,3.1964742972600733
0.8434613346516684,0.7799656817842318,0.15259124451233697,4.833451061325706
0.6985756458923951,0.5182535925496703,-0.3132249782355465,1.8377394037020416
-1.0,0.2960458086669926,0.8713028153291269,-0.8269357434165705
-0.5852059095020516,0.8167170113142272,1.0,9.579644779233295
0.2829305366819159,1.0,0.39451854506526396,7.42845061108497
1.0,0.3612773052446012,-1.0,11.03243544108124
1.0,0.5285008081115792,0.3751357681600387,8.277929382954943
-0.21315263731691414,0.5134341958425654,-1.0,-3.63242279689451
-0.8106861680010706,-0.6020825179892009,1.0,4.881998990213864
0.7741368193792129,-0.7929956898021511,0.44720599738320144,0.8957046924898391
0.5678686173723015,-1.0,-0.20921788345604964,-0.46678035945418583
-0.8466833255261532,-0.73862434407278,0.6665110945986881,4.211741196024615
-0.04819789593967494,-1.0,0.7907248750611635,-1.3750178657322107
-0.19163123965030193,0.6691389205585048,-1.0,-4.350990786904408
0.6356720181846813,-0.8318344024382318,1.0,-5.352619697890779
-0.8894830057583527,-1.0,-0.09074305332367816,7.368564546149452
0.8935891743368745,-0.31234435891043,-0.41137196398129716,2.6844546098095914
0.4649518187070625,0.8341157547634741,0.8466897999775738,5.470747330312693
0.1625806715116036,0.15728218475479339,-0.2261370879109479,1.3813228077158293
0.08024054976989259,-1.0,-1.0,-17.92444343326493
1.0,-0.8108401301346235,-0.21810465086848851,0.24618924503173828
-1.0,0.3174137471967684,1.0,4.058079460559122
-0.1744669513646464,1.0,-0.5176470295012723,8.744319993395989
-0.06374862865387132,0.16307502728090073,-1.0,-3.0606552037810943
1.0,0.395147394352116,-0.4677932264519602,5.064329888155201
-0.26084038000357346,-1.0,0.19783852141147618,3.3095048033207575
-0.3540563685748679,-0.34829304908288794,1.0,1.0527216792826017
0.7599400309060924,-1.0,0.2241792133906355,-2.714274322635037
-0.022386441872091822,-0.7861723498591608,0.16467057391221274,1.6169035474841549
1.0,-0.2984918912675181,1.0,8.504157794196862
-0.7231962277563728,1.0,-0.9864509568629249,2.425951047675216
-0.8361492762039848,-1.0,-0.4495131726446837,4.725239552502118
0.3038579426401389,-0.9699074944561432,0.8777853228504924,-3.6436199576763033
-0.2977066369720711,-0.31793849904706883,-1.0,-2.9476366007010526
0.035719164566410555,-0.09621377272020437,-1.0,-3.136724721284904
-1.0,-0.43616950804670607,0.45404349338884464,-0.6215402342938542
-0.5890706127911707,1.0,-1.0,0.8273274571284355
0.5831498309398271,-0.47516786731118943,0.24344965844580435,1.2339462899209852
1.0,-1.0,1.0,-8.718131141150694
-0.4179276021378402,0.4032377661858808,-0.4635309079957737,0.272710230399433
0.25867707681491403,1.0,0.1291433113384597,7.547508565492835
-1.0,-1.0,-0.8907061977146244,3.0294703734492674
-0.5304519194411739,-1.0,-1.0,-11.410395442851328
-1.0,0.5948829653758632,0.541015697735495,-3.6426683338811063
-0.6804440658575206,-0.793748116004966,-0.5335163100034435,1.5971182645617157
-0.28746999229356973,1.0,-0.8900130815108918,3.8801624513274096
-0.12052498002175382,-0.30570458381258203,0.99573097801628,-0.76334207675479
-1.0,-0.36671510767143745,-0.5539071305756074,-1.3090436241253045
-1.0,-0.2603276988937746,1.0,5.701104823662248
-0.7218785946589081,0.7465859038679732,-1.0,-0.3327338654147867
0.21864892014737936,0.3642838620992761,-1.0,-3.306704471076117
1.0,1.0,1.0,25.74094211648041
-0.2090051199143983,-1.0,-0.270722270954062,2.6347220758443854
-0.2912784128376973,0.03615219638034284,1.0,1.598145753605594
1.0,-0.7114925648304808,0.5292215081809151,2.186420675294208
-0.05154397194956828,-0.22514884022132997,0.3257603278336012,-0.06582820477199924
0.5143388476341093,-0.8679897500182607,-0.2428187846794425,0.5336086949086686
0.18293701323912503,-0.2673237945883935,0.6547942377094416,0.41779315742025414
-1.0,0.7490313944143081,0.2748066625156833,-2.224116359158392
0.6204813297407683,-0.3750453492510861,-0.04345999898639441,1.4065889590068754
-0.49498741991913797,0.9618099657396559,-0.5533153843336045,3.61500369357326
-1.0,1.0,1.0,16.66629243972495
0.7859717231410186,1.0,-0.1293981190465232,10.337097216023187
-0.7268606706745728,0.609698543571906,0.11549715960382256,-3.233340006818784
-0.003758424439146202,-0.07530911034382082,-0.2349651104560324,1.1277081575544234
1.0,0.176071409651541,-0.31307942446494863,4.0929021315127665
0.30596100838665863,-1.0,0.38647415924837536,0.7559468519725338
-0.004703594162448699,0.6690222057529005,1.0,5.171382479676752
1.0,0.5914494506949906,0.6001629405833921,11.107937219898158
0.6943960821219084,0.3691310894234434,0.2892887425828443,1.2656600807872795
-0.7939069987251797,0.2076467989823667,0.8398841233678407,-0.13547285864735542
-0.6251327604671257,0.9565225479958985,-1.0,-0.5812102000897394
-0.5270025480420735,-0.7956786539628198,-1.0,-4.78436592288304
1.0,-0.16057433846795766,-0.22864422910366056,5.023369549907078
0.052294150834074626,-0.5762630178919765,-0.3795108409192689,0.9960215371225277
1.0,-0.8883030648144936,0.434365991343691,-0.7643306447719014
-0.6478224532530736,0.3371775599056661,0.14950853246519746,-2.159021653517717
-0.9715726950085035,0.9996894975687818,0.1625976221426806,5.177442783391505
-1.0,-1.0,0.5663726825286963,13.13737970964516
0.1332622739609588,-0.060464409252157125,1.0,-0.5329731367627903
-1.0,-0.029006945873155443,0.5440898632961044,-2.8546846320725585
1.0,0.0035809129563388886,-0.515469614664468,5.012658574590915
-0.07559835175927598,0.1432139776523247,-0.29399325344426797,1.1000058509458333
-0.5740840147575856,1.0,-0.6780929412057333,3.573465674266785
-0.9127770140702411,-1.0,0.6609244049529215,11.100244099103717
-1.0,0.13654142461486973,-0.6197275718538551,-0.3755774328094968
1.0,0.6312123366973261,0.4375880328706623,9.763253843439726
-1.0,-0.6567803873702482,0.13544479148958977,0.7082450901114616
0.6721431937600961,1.0,0.5456062168699174,8.49108631808626
0.07698559145097628,0.10890968373791177,-0.11600239803558554,0.7144217331456841
0.7016318896122509,-0.08958402699092205,0.032491448157128344,2.2554869780793907
-0.08834168846199586,-1.0,-0.1837214776019782,1.8287389687356324
-0.48969582711241166,1.0,-0.21708846891366984,6.4941404068664905
-0.3505135564582149,-0.5835803090195955,-0.19645667732187988,2.0246287666331395
-0.9605905372652086,0.23957698698812324,0.24923429844057998,-4.7560275992993
-0.2071268258321839,-0.7983317755770762,-1.0,-9.396191640822916
0.32678800185946466,-0.42411109603811337,-0.30516518751499455,0.8098513776278676
1.0,1.0,0.10392847046082876,13.532852766542177
1.0,-0.6257563319399675,-1.0,-1.3726308113969221
0.19314453179246227,-0.968408460131537,0.6367133939806562,0.654391944585153
0.7349159962622325,-0.25268073043643646,0.1355304263670174,1.7613085580310277
0.7074840065846586,-0.061908369468247626,-1.0,-1.042815457330347
-0.6087376673105744,-0.19535316315031137,0.15865630061210267,-0.9808327689554563
-0.4521819313338111,0.3969801515237801,0.05127327003624571,-1.6375983117867259
-0.2641527437773208,0.41718487371881685,-1.0,-3.4547674289027235
0.22735931945987597,1.0,-0.5775907231992621,10.665294067881064
0.4759723321395486,-1.0,1.0,-6.765479312417672
0.6150259150332744,-0.38234743266564863,-0.3848544665304514,1.7458975968071175
-1.0,-0.5828328111275773,-0.27831061849984806,-0.2550059170954097
1.0,-1.0,1.0,-8.777246488795493
0.2258385178730249,0.740758014123444,0.19168446003630168,1.7187756246065715
-1.0,0.04517450391216271,0.01815559536657685,-4.830756226784281
1.0,1.0,0.5656144064050952,13.917103831483669
-0.41348185299919993,-0.5526334710125533,-0.518650062790277,1.4225476542906164
0.08909192855178194,-0.6766803582030176,0.906023389279,-2.0153452139666275
-0.502655515436373,0.8154689839044085,-0.6074113996351749,-0.9238169136133028
1.0,-0.6426298012180345,-1.0,-1.6243837002920531
-0.3635832963251149,-0.8662566137698278,0.6935496855023842,1.3467580865948763
0.6440587046588389,-0.7015071483273845,0.8277219241504408,-1.7401264641830427
-0.18101978053376633,1.0,-1.0,1.886355744373517
0.9865817213332169,-1.0,1.0,-9.956164650862506
0.13066972824815748,-0.9322259032447133,-0.7781578084117042,-4.273654450759569
1.0,-0.9372745775940656,0.8043093668337937,-3.3958992812655606
0.03363699075794058,-0.9899922072811809,1.0,-6.4807361809508395
0.4925695530837304,-1.0,-0.35851752364831846,-0.9609504101828328
-0.15258512280712866,1.0,-0.5274253651879179,9.432133937279282
-0.2547779291230883,-1.0,0.08841757549300122,2.8127022442683747
-1.0,-0.7027267387742226,-0.07520698657781266,0.834636643456164
-1.0,0.5278680348788325,0.018378394268242282,-2.788967862755126
-0.0014671945745885484,-1.0,-0.35104817285574175,2.5887809791011014
0.015527023282969399,-1.0,1.0,-6.1560136783718935
0.1295517291147228,-0.576460649932552,-0.006376695313379921,1.0285416666637546
-0.610213107545698,-0.26116500482914584,1.0,1.9669464658677402
0.3675744908828853,1.0,0.04260121011275442,8.227775578621632
-0.12801772526815758,-1.0,0.4517961296769011,2.048413763757396
1.0,-1.0,-0.21590345947942846,-9.226340351029098
-0.43808121286632296,0.19722242855335081,1.0,1.5101390300438717
-1.0,1.0,-1.0,21.1454480170605
1.0,-0.3415948547216072,-0.2650605599352047,4.20810673861735
0.19886932670302992,0.6431417860993018,-0.3400351778758597,0.4807624097577289
1.0,0.29518560242282765,0.05524815928874882,5.1793442768847004
0.5804868960985923,0.41624862923897465,-0.331895560547699,0.4792661466228053
-1.0,0.20872027014035832,0.47685279282228055,-4.77193910212935
1.0,0.47619842075196894,0.16204068630026147,7.118820698732151
-0.47450285496181643,0.0020362860370903846,-0.14528732544553913,-0.719296883122516
-0.2530336753173803,-0.853760220547779,0.2282764134863009,1.1465123298674347
0.0966849448800835,-0.012504329464407604,-0.22346331878167303,0.8753389038426252
-0.5581968203096359,-0.2208415462590252,-0.4729763395222313,0.32256138641685994
0.8370500580893443,-1.0,-0.45367030651534956,-6.806812283920089
0.5559447847748178,-0.006175727085930394,1.0,-0.36682430636218366
0.14788921135024347,-0.018677601467099514,0.4393614934494521,0.7496635434228293
1.0,-0.33756254710428957,-0.5728171928993679,4.662414991533294
0.20329959461650504,0.27132709722623893,0.12251114538590646,1.271269247634575
-0.5320283274341446,0.6467735006738795,-0.20459869393830665,-1.9538101857953518
1.0,0.1639597020327086,1.0,15.019837824021664
0.6779485248402388,-0.6336052888621717,0.47529381113619906,1.3041516176044663
-0.13633925397309232,0.354680228625611,-0.9972790935746059,-3.2815489080910187
-0.14780935795170724,-0.20024189816148552,1.0,0.13246378613338206
-1.0,-1.0,0.8015420784413134,17.101710302947776
-0.7563655013866426,-1.0,-0.6962996665680956,0.9255678802756317
-0.8150760196174567,0.15538941066098144,-0.18107190552830255,-2.028080904315385
1.0,1.0,-0.8188303319596373,31.093128720978545
0.022219753732128034,0.20806320955002922,0.19137322292575587,-0.1567367015546956
0.09074045150937349,0.5543817238534376,0.12412936204338254,0.383365906677585
1.0,0.6073785767168214,-0.7304095330353155,8.27596215621575
1.0,1.0,0.9190481726260284,22.820752355179362
1.0,-0.3195364234811795,-0.312879262102568,3.2231065655513857
-0.4276470351895689,-0.2967419025668314,-0.17227653683144029,0.703848954491154
-1.0,-1.0,-0.5009495794838574,5.206178311226798
0.6265948568557154,-0.0756924839832398,-1.0,-2.438199567155161
1.0,-0.318534555750863,-0.9945121168716846,4.729666732117039
0.4896904790660692,0.45625463333788874,-0.3082565027864299,0.5388707487929029
0.5080268211985872,-1.0,0.5388446331679186,-0.45591847001096053
0.7561416772947294,1.0,-0.5586775676043128,13.854195318010508
-0.7983855590797495,0.032692095035399715,-0.3905838770912786,-1.1414352882204983
-0.1499041018679761,-0.35037892233498447,0.20821658852158942,0.6508655742246001
0.0008815634437515651,-0.773724794027383,-0.4211990883962011,2.0345748695037447
-0.2363391608119414,1.0,-0.334066877746779,7.865387114121339
-1.0,1.0,0.291125732921929,4.085642167587931
0.1903367786202761,-0.29290772829271705,0.012220650928031818,1.4612588809196123
0.5780069455723609,0.209843200309759,0.05102579053058087,1.1510667075713603
-0.7775104798940105,-0.9597505660359211,0.9901692319518851,6.540510340880064
-0.4658949860961741,0.04714718131934781,-0.24922941234442142,-0.5912422953466715
-0.6630309875675882,1.0,0.42730341637647684,4.352164160435147
0.5860511426845163,-0.25688973032159956,-0.3578595217625977,1.4769591102057946
0.5161685843398485,0.3379418588833314,-0.6021355508340751,0.7955153773151666
0.43131113785229624,-0.22619692977233696,0.9926121114079758,-1.7920262531615139
1.0,0.56265401261511,1.0,24.058379462688986
-0.2177866623920517,-0.3476495631394192,0.9070098575790619,-0.2561572684423226
0.2964744007739686,-0.27140398641177055,-0.6899707871970808,0.9660093119126695
-1.0,1.0,-0.007684089491831969,8.586444669782866
1.0,-0.972037033606775,-0.45900686906466914,-7.335332535874021
0.2689755285016371,-0.24215146758988482,0.6914752880485247,0.12370349824038993
0.11082403966151522,0.8023726434517742,0.42981393280814406,2.262549492548898
-0.354237961057591,-0.6628348014169163,-0.12647508897796467,2.418537538217287
-1.0,-1.0,-1.0,2.6785288080382283
-1.0,-0.15312628675604745,1.0,4.882440176601037
1.0,0.4121696392006067,0.31015254622339894,7.366858993196468
-0.025189699175310443,0.4757277782702187,1.0,3.4672644600412585
-0.3975555230598966,-1.0,1.0,-3.8759806822904674
0.20148255685749095,0.9684814025152959,0.11274312328098968,6.361158009207793
0.09648576817236365,0.46086331161574945,1.0,2.696916498435699
-0.9384597163437334,0.9559721741496283,0.5468485793375857,0.2154938416382697
-0.11449620589163811,-0.33571858909063335,1.0,-0.6278011407157031
-0.32245685415280967,-0.6019250017660775,0.0497148306750419,1.8997518130845819
1.0,0.5673888365718951,0.3795650360116263,9.122908644029412
-0.03856523821061586,0.30928317822406526,-1.0,-3.587182074614851
-1.0,0.6887424311546302,0.7270249950718599,-3.037372720229555
0.2875536680973232,1.0,0.04543734139688249,7.916940432119834
-1.0,0.08040086121071366,-0.5262956129480711,-1.2423126354051326
-0.4980488815317181,-0.5288123525879413,-0.1647982523469922,0.9064371042767205
0.06827451302126653,1.0,-0.3218612383087758,8.855998485399738
-0.9454662813882102,0.4363945449924902,1.0,4.331892251517959
0.28990100565211274,0.7961059870970095,0.9846697225316994,7.138895160088177
0.26604774469477244,0.4398373360803567,-0.730052564450649,0.42777218323858407
0.5314318161143314,-1.0,0.539900205247918,-1.1625396907778105
-0.18017494206139562,0.7364304142382472,0.07988234134681815,0.5764173796931196
-1.0,0.9300208122492166,0.11115781590832796,3.2554884834186484
-0.14312225062887118,0.8689339330301502,0.2639761963274465,3.5040636415007285
-0.4665906147849972,-1.0,0.7963718435925307,0.42659155223673056
-0.4295908636723609,0.08630509140554499,-0.30073794408226195,0.1952364472138396
-0.09401363798336004,1.0,0.2739886547046906,6.397914976323884
0.2964151324307476,0.5568103865650091,-0.8446770634976435,-0.6604208543605432
-1.0,1.0,0.21441829906399823,4.950360495736981
1.0,1.0,0.039683536961095056,15.161620117163343
-0.8559746915952873,1.0,0.4307865757066751,2.1607260641824535
0.016691847244566738,-0.8659348938083027,-0.5136100265886989,1.0173454675998157
0.2449472046527108,-0.3882635722668677,-0.9224256448941919,-1.9982278293995466
0.31789464981760607,-1.0,-1.0,-20.24778677991
-0.9420933724672826,-0.038252518963194815,1.0,4.454643303823866
-0.28749850972786595,-1.0,-1.0,-14.511362793392104
-1.0,0.3551883394178894,0.7377552170701545,-4.083307435050717
-1.0,-1.0,1.0,22.021791240713917
1.0,-0.24198006538483163,-0.07179197688427208,3.950450253307189
1.0,0.7477892656763769,0.015908245728445625,8.69762495742148
-1.0,0.019550012118114912,-0.44884050012962984,-2.5746478659015346
-0.43503581190336216,0.6391338803587918,-1.0,-2.5865922107202506
1.0,-0.13451511269706984,1.0,9.429923564980507
-0.31164780149857174,-0.7500745462958833,-1.0,-7.801476021532768
-1.0,1.0,0.12467512610519438,5.865947141825733
-0.1422067493004695,0.09815223582527577,0.936248161926893,0.36547522231711327
-0.27680852731018546,0.6411749591654288,-0.7120555815876659,-1.615025237544841
-0.21642547918755795,-1.0,1.0,-5.90618796091973
0.7629985113851825,0.3592923912931678,-0.22462940771894346,1.1662842357148087
-0.5885119071047926,0.6125966435230179,-0.7471568917256874,-1.4852010476781297
0.5522520408687033,0.7342747670756855,0.7189940900271425,3.837926623063378
0.5776000153101679,-1.0,-0.6025735648217263,-5.52049943905257
1.0,-0.6269453611201921,0.7253386639466166,4.37583070703074
0.5833141861585489,-0.16403151462844479,-0.7894416289888142,0.5881601649174522
-0.9076614037580419,0.45564178563153646,-1.0,10.518997433925103
-0.785383690937697,-0.42920276996627216,-0.4171523343255601,1.0977567684431162
0.6856527108882402,-0.9236862405213813,-0.5190589297844475,-2.584855484653759
-0.820532206271702,-1.0,0.19982671368239902,6.354181090039542
0.7985565187315611,-0.3574578972344278,0.9837151226307093,-0.48237630451650704
-0.5182727341412983,-0.9218567938494258,1.0,-0.8007371842912956
-1.0,-1.0,-0.488478704341782,5.684005342212863
-0.6853238762948419,1.0,-0.9607219062681258,1.074288534720709
-1.0,-0.5753931066064495,0.9862989943374896,9.640258829554615
-0.1679394160223675,0.4554164387406161,-0.04729123758551235,0.33169357663607535
1.0,1.0,0.05654854359386441,14.223306535463122
0.9964262928039891,0.3733943640465158,-0.4296828688664114,5.135548030514718
0.6624726144617554,-0.1237949563299856,-0.453071813140951,0.4664165165590579
-1.0,1.0,-0.06355231220764557,8.24347214648447
1.0,-0.22857101051591044,-1.0,6.179210448468758
0.0579443102657522,-0.28466113604441823,-0.3808964558239787,2.3444906365824396
0.6171546011696476,0.3224329708481346,0.3314092472503529,2.2197748802954282
-0.3666860773196601,-0.7694803395131764,0.20335799561430168,1.416964734106707
-0.10598861481613242,-0.17757919753733087,0.05505217885628122,0.7483785456159586
0.36282319682134867,1.0,1.0,10.508686957287479
1.0,0.30313541961971313,-0.681950600078324,6.342578874817693
1.0,-0.8902044644719083,0.6179942378818937,-0.9604333334443542
-0.8988856554393183,-0.9805358808417493,0.10507016702019523,7.224103902215584
0.7463647722888969,-0.21592393183223835,-0.07730805965624743,1.1566508999577265
0.7943792717581386,0.36215911575271775,-1.0,1.2775332884962391
0.35211189500458095,0.16626415428848573,0.8054134309558765,0.5394257796524473
0.8406215541514797,1.0,1.0,16.464436195059925
0.6861051783913665,-0.9702631098021539,0.4083014565893055,-1.4521736319737688
-0.8047293131248947,0.24743483242890751,0.3315334443966047,-2.4578902102232334
-0.16382933329650085,0.33531205445299594,-0.7600405694278987,-0.3604538823762685
0.4307374708120695,0.3654574060667539,1.0,1.6949229231009744
-0.4358533281459098,1.0,0.2988873361542008,5.862910669094913
0.4433476365959148,-0.8034259212115442,-0.07457437620675189,1.458150814024751
0.7764432913883605,1.0,-0.0793130545984182,9.178842175229365
-1.0,0.030107028988445972,0.24757363615931105,-4.413134016396198
0.5427540428462079,-0.8629926956299887,-0.08359564491210603,0.5881834047356611
-1.0,1.0,-0.04521850045369602,7.484290233292071
-0.02669377177851673,0.43056717893633145,-0.19424109717575622,0.3426094713357482
1.0,-0.7913519881346807,0.21907214301451217,0.1345197680696797
0.6865561802235107,-1.0,1.0,-6.805361662994807
0.24018258577399343,0.37334358200151097,-1.0,-2.7645395919367886
0.03493914851786206,1.0,1.0,12.193981753655855
-0.039987251395523504,-0.4372347039805158,1.0,-1.064125984864791
-1.0,0.34889497589598206,-0.4307218282517056,-1.394343626089647
-1.0,0.7548862397641185,-0.8465937224804201,11.335427429150707
-0.9089781949207174,-0.3409449842745371,1.0,5.298460947620693
0.09781551100619224,-0.14718739404341008,1.0,-0.6482421939124532
0.8504681210041503,0.26380173034045007,-0.00643221812515038,3.205857123889525
0.6937078938625614,-0.6425970240543106,-0.27786174585181445,0.8734275267970671
1.0,0.25397488528583767,-1.0,11.049036529110666
-1.0,0.9212241652749042,-1.0,20.8989162914346
0.8164041900025525,0.17871491656842253,0.6824642286234748,3.570633326927
0.23654357090761113,0.5769219874206912,0.0867179590426439,0.11234186154744652
-0.186224727675115,0.8055057680573305,-0.2711075288850704,1.1145194866243284
0.9325255643975061,-0.23956379942470551,-0.9586628685438356,3.145448868155855
-0.2461751334555604,-0.07031173734343832,-1.0,-2.609947686903744
-0.41161346008057964,-0.1682701439672014,0.7275629383261892,-0.46861599703915596
0.337256194041581,-0.09973175614468022,-1.0,-3.4726667642897313
-0.6948981816178297,-0.5509410867466873,-0.6109633015610909,1.052420089589898
-0.8957607976055193,-0.49224823355881053,-1.0,3.976061398892886
1.0,-0.26072286245679277,0.035045497600068476,4.524014346145758
0.1365183100133227,-0.08434104927905017,1.0,-1.743641489377516
0.43238662126772054,0.44309207102119763,-0.9668310856080269,-1.9538520910865107
0.14609263398897854,-1.0,0.43973248351234684,1.2851409600461672
0.6234639055777018,-0.3049875896944083,0.9643946727705726,-1.456114707365093
1.0,-0.9167165249084952,-0.35710718964186317,-3.54733363453897
1.0,0.7582138769003823,0.07419035698820342,8.773576975176988
-0.11464283323614932,0.49289220208042894,-0.8824419259941609,-2.61386774022005
-0.4142272552383359,0.448960210915883,-0.3725568450458294,-1.0089679210438278
0.379891131226082,-1.0,-0.9804265452589755,-19.138726870962422
0.33236299998294117,-0.38969828868547074,-0.027771212740634876,1.8776378264230553
1.0,0.192714656364265,-0.6220633263938631,5.991349616359181
-0.37706267466707954,0.12712720037062408,0.6828087814966264,-0.044136548664856445
0.05149530821032444,-0.6685961889038026,-1.0,-7.749718030387981
0.13631382894498056,0.4952872529877803,0.2648958426541541,-0.02407430213857109
-0.9552106888138618,-0.7636875107234975,-1.0,3.4814394107163804
0.48015755736979737,-1.0,0.5068750085044138,0.22408741313030023
-0.18693568007689265,1.0,1.0,14.273729422725772
-0.890247547312701,0.3842336365530894,-0.0007874543835024728,-3.9457422487109124
-1.0,0.3953736294858663,1.0,3.4155816963226444
0.40065093424445686,-0.29380658899349243,1.0,-2.0944329977775924
0.8201214633607119,-0.8622490573688499,-0.5330931291732923,-1.5021254014974688
0.6214543541472244,0.5094542353308587,0.5275606020746468,1.2716251622785806
-0.7166446060698413,0.623401149084758,-0.5986106136443237,-1.7999678154579408
-0.045394698803556066,0.49820122027512737,-0.4463087661301244,0.36641659178671154
-1.0,1.0,1.0,17.04157403807436
-0.8778466412677728,-0.758877224657883,-0.08483581199056878,3.1114971924357055
1.0,-0.7882248067405464,-1.0,-7.618208372226022
-0.2378176149614908,-0.43740652943872926,-0.26409100323610346,0.8582919980707355
-0.9649104893995593,-0.9887319935094592,-0.6703898506997421,4.134386975743627
1.0,-0.046178214432069264,0.08502957977740211,4.7085275942647735
-0.796760221482844,-0.17720588250781866,-0.6365575983797782,1.1056567578625047
-1.0,1.0,1.0,17.306221530588342
0.3636342637387402,-0.17310647731828466,0.7466334185134937,-0.27164373350061705
0.2630406229176272,0.5266929683466002,1.0,2.6475719664348967
1.0,-0.36250682584399807,-0.6512792224949828,5.136426735303371
-1.0,-0.29127195486751534,-0.7128871354118893,-0.3815841456396785
1.0,-0.6463431841085354,0.04284218417842789,1.9678128253774858
-1.0,-1.0,1.0,21.946522280796255
1.0,0.0547672550624545,0.8651524187386836,10.672097959677593
-0.6184689733277797,-0.747176503724857,-0.2093169449327159,3.155950393360941
0.5987524479390591,-1.0,0.09198858214608707,-0.15532686123532546
-0.46766991652513656,-0.5609850185831324,0.09918847722806601,0.22914175269605352
1.0,-0.9108948706239792,-0.4858764550909642,-3.6815437413435785
-0.5331110736618663,-0.6826421936482696,0.3526969715351149,0.5780118656420921
1.0,-1.0,0.576653269857968,-5.913066744239537
0.16681409831624738,-0.1556751256716855,1.0,-1.1457056133607155
-1.0,-0.2610262553337934,-0.8890713459360833,3.9619563509584985
0.6238578011793405,-1.0,1.0,-7.112122731127131
1.0,-0.7400827219726052,0.022639650492433327,1.1036095285870777
-1.0,-0.32514117248480945,-0.5604735541039914,-0.8569683030071493
-1.0,-1.0,0.16442640951044218,8.337799134941486
0.7005913368229999,-0.12760060280468588,-0.02003107239771884,1.096671254611801
1.0,0.8412371509629262,-1.0,22.217675397406122
1.0,1.0,1.0,26.05713502927336
-0.5095659410381925,0.7239686130718144,0.7825663728222032,1.8826731747718348
0.28323976457706346,-0.08390514792187331,-0.40665763226984053,1.4441628689138952
0.20571079074738097,-1.0,-0.23524137098693054,1.5866256678573605
1.0,-0.14865796017044808,0.7471219684870924,7.515740268046644
-0.4841407216296436,1.0,-1.0,0.7918887229491659
1.0,-0.34543689096415076,1.0,7.207311508904402
0.37691088503475023,-1.0,0.10872052001226984,0.8075077724341451
-1.0,-0.2615830871799505,0.04916349921457952,-3.090244702039671
-1.0,1.0,1.0,18.221725458833838
-0.2749823455824554,-0.07676815745119869,0.4079455191569761,0.10711428816864041
1.0,0.2736372989738327,-0.5943008736045194,5.297975627211671
1.0,-0.417158718934725,-1.0,2.4494155137174625
0.12058399598660174,-0.20396769805536974,-1.0,-3.6592126872905073
-0.599959308617876,-0.5242969430082751,0.1968885310321873,0.908407892303867
-0.4285521403062187,0.5974401306525374,0.004641223213804668,-1.059227699176213
-0.3167538197702964,-0.9784087741970651,-1.0,-11.954461825052777
-0.41972098509770017,0.8420990500302787,0.7157478040204233,2.548521880893335
0.22102455849656644,0.667409264607923,-1.0,-4.484074491498206
-0.4138450003156613,-0.1282214986605057,0.07244283095397708,-0.8884744690146779
0.387163239671414,0.2602963918385943,0.5395248036637705,1.0104586320310713
-0.4315497563202304,1.0,0.045332113614397596,6.039882858312658
1.0,-0.6859815121966784,0.6483757971158317,3.3911789557142806
0.27091376742264406,-0.7689307598965347,-0.4476912963479902,0.8000889027514347
1.0,1.0,-0.0006435121618624251,13.608163331149886
0.015369733448027167,1.0,-1.0,4.35619712973122
0.5388298004888104,-0.5834639362887142,1.0,-4.002405297523324
0.39578379460353164,0.36296939616908963,-0.12448558348149019,0.5083705584897402
0.9687283343740258,-0.46437075753413226,-1.0,0.37472576750392184
-0.8767187241254373,0.846315401228769,0.7948579203614432,1.8933830081777283
-0.6429321151993947,-0.5217797810875653,0.09270662475833169,1.4858307824540016
-1.0,0.9555365958745776,-0.8755513106759678,14.205394780987797
-0.43005605114344614,0.48557853418778496,0.7517077096943117,0.9291365739996064
-1.0,-0.5190033675515382,-0.6264951735351425,0.6287715468686808
0.14649836343963707,-0.4936248765324571,-0.5652202694402513,0.9948245647020362
0.22106286252196705,0.07597227300072418,0.14003571693713934,1.0947852376738478
-0.09061426894731328,0.4788282661432597,-0.2892805362417312,0.673927789767783
-1.0,-0.8538912623631831,-0.023267393109960066,4.113175249437277
-0.8090896998218116,-1.0,0.5800482614236271,7.392011815461026
0.6390471360214631,-1.0,-1.0,-24.77512969368529
-0.15609904002060015,-0.03333519728896417,-1.0,-2.482289820182219
0.5388673056697213,-0.838724980417715,-1.0,-12.839717620698174
-1.0,0.5958012599229636,0.7940289969563283,-2.432197997437555
0.9359102365949339,-0.6694489012530247,0.27755500853195647,2.1727835532481174
1.0,1.0,-1.0,38.599116802288044
1.0,0.047267992191260655,0.35652336093106207,5.22088820156303
-0.2582783972045575,-0.9373705895277962,-0.6535306015912037,-1.1677565109218127
1.0,-0.8718072980012888,-1.0,-12.359595883899265
-0.030452517582536087,0.35889484281641537,0.31635078925405224,-0.07172594822102482
-0.20550825126791294,0.5335624384605535,1.0,4.353555745474959
0.9879400638458389,-0.9537428753438897,-0.061548281895507984,-4.126122986196426
-0.6594522057829746,0.7570089525662926,-0.3303548371392271,-1.9787733044713107
0.41316285094845684,0.6008353414590888,-0.20241893214875373,0.5638515549395214
0.20687152145450738,-0.056254897195122444,0.4479159589862842,-0.03967231334267318
-0.452546202059255,-0.6444938782864431,0.37950107662754995,0.9720826484640342
1.0,-0.8553682432185528,1.0,-2.4291464888767624
-1.0,-0.25192048334842676,-1.0,8.543042142003296
-1.0,-0.031635728647478434,-0.5326871966683313,-1.9381231628608164
-0.9516960591423786,-0.8673289575509509,-0.03140038775947662,3.9802369082856752
0.1946386932352544,-1.0,0.06188951513460861,1.9729128041203403
-1.0,-0.19994977853377316,0.43137800091111766,-2.2718803481177066
-0.09260239377704194,-1.0,0.13051499665078437,2.3362140100769864
0.6796082726660835,0.15433060646114916,-0.9171330469903447,0.8933704153598102
-0.6277804398536153,-0.19735245205273388,0.15202098970533262,-0.1433347909908882
-1.0,-0.5492319288612073,0.25586349522761975,-0.425590865577375
-0.5036406780278728,0.8701111448408034,-1.0,-2.965875548738231
0.90449244660944,0.02876684056013934,-0.5968141007591818,4.176869294617335
0.6121591803185067,0.10180271357197745,-0.5771584169578521,1.4201003126396767
-0.062233311785147016,-0.32174381752922154,0.28145281650819065,0.9570173997383153
-0.20274260251559473,1.0,0.8909788897580142,11.8677338192402
-0.8052089848762753,-0.9151374712951537,-0.4373263351669716,3.428153461972862
0.6490310459014248,0.6411204617477451,-0.41143151289336277,1.3149412321864136
-1.0,0.11844742871317737,1.0,3.4180568617569107
0.8306224770749242,1.0,-0.922868276272774,19.05833665959617
0.3361825438667545,-1.0,0.2926392044478894,0.6275974763774049
-1.0,0.2598218061363069,1.0,3.1264017298278772
-0.08708524427678799,-0.04713332910639245,0.2684535625006106,0.13247367688955058
-0.500232778115941,-0.06301326638565441,0.7804313494068738,-0.08236360962519165
0.9016204647058901,1.0,0.968146801826558,18.5616486447587
0.5694464637872403,-1.0,-1.0,-23.708886270348824
0.21224619736410033,0.6362208879636597,0.7529339555842842,2.2372390454218682
-1.0,-0.1654332759409558,-0.2507079666907741,-3.26098662111164
-0.22612709319689683,-1.0,0.7636637914066036,-0.981911388902692
1.0,-0.6593388465321819,0.29446938765782904,2.5458975934772656
-0.16229954467876184,1.0,-1.0,2.252640721409593
-0.2798056951102743,-0.0010434306391877701,0.3744235734817145,0.4207825674478537
0.40114990834033226,-0.1980839054959207,0.7992673223298115,1.4381515329448151
-1.0,-0.572650805240295,-0.339128249647598,-0.17324344732021085
-0.9181091522990292,-0.5148017346913918,-0.32836591679956006,0.8271737039669401
0.3714106009002722,0.49065699268850094,-1.0,-3.458686561806387
-1.0,0.627118232338427,-0.8425209675754357,9.338627183109427
-0.8176691080811462,1.0,-0.2673478873386048,5.148993580068936
-0.8258734206835785,-0.8514255320274395,-1.0,-0.43492363971809733
-0.0994236348472255,-0.021130179436312124,0.5593323865793118,-0.2912163273774122
0.04533639400822076,-0.13488898160566065,0.856354511200224,-1.1649779794353359
1.0,0.025407337344141467,-0.27541136116651854,4.888199338459668
0.0513264973901717,0.5630182633650589,-0.9950783002400125,-3.8600065567414936
0.21359403775553165,0.07640792084592118,1.0,0.2521914579690367
-0.465846719386656,0.17323098852990304,0.8697078838265837,0.393204666099241
0.4455432954226355,-0.542348599484223,-0.21003093839222076,2.010460650811149
-0.4403721675217287,-1.0,0.5816846242076859,2.3263417559873196
0.7880399020124289,1.0,0.7217987456765695,9.80368102353172
0.9264774357623162,0.04351044724832542,0.41427861127897003,4.781216812061087
0.8803321905162864,0.38652556493587253,-1.0,4.875650805969512
0.9495132361961203,-0.0572314652717929,0.5986639075170919,5.9488804781917946
1.0,1.0,0.6783173706774255,16.20260782121051
-1.0,-0.4867787346419479,-0.23117884584018045,-1.340418643080938
0.7038610197203918,-0.261223758704751,0.2380520425947934,1.2349399932619882
0.13945073263299812,-0.30094468672177244,0.6986903431677265,0.3160585417815478
-0.3454430335426846,0.4741621940522356,0.04535713789942819,-0.7142439132968798
-0.4944178741889491,-1.0,-0.5588493944752442,0.3727579763319665
-0.06993868853732432,0.6953559784425165,-1.0,-3.9180073716759614
0.2027967571159115,0.416586221312752,-0.5357433426343112,0.3898851194847721
0.18417396216231174,1.0,-0.6289606303083519,11.004291604115778
0.6191696874436898,0.09080925345083624,0.21346756439873737,1.8103824645152384
-1.0,-0.3798911606217297,-0.07360347070009632,-2.9106021645531213
-0.7182990791478865,-0.025617619888547605,-1.0,2.279405453770725
0.5330483196549551,0.7183782289398448,1.0,6.20846060178052
-0.3339274268154804,1.0,-0.17745951476475397,7.259742152828787
0.9396438657370005,-0.6096740743125981,0.31671304528936584,2.6782705257800457
-0.8467379509689643,0.08575082227259823,1.0,2.5368405999716477
1.0,-0.548248456539818,1.0,3.8270090951375995
-1.0,1.0,0.42604529567444205,1.8636321443654262
-0.5047101153716362,-0.09573161236733996,1.0,1.1769486774714233
-0.24615874415599093,-0.31854620970066283,0.6886509697034062,0.5416086646946792
-0.1428037045027324,-1.0,1.0,-5.769396084823436
-1.0,1.0,-1.0,20.86650718061973
0.3711156834827356,-1.0,-1.0,-20.243455576176657
1.0,1.0,-0.057824924854276816,14.249805314815003
0.7688903309657276,1.0,-0.7373768608003888,15.76588070505806
-1.0,1.0,-0.18654711143274394,10.363278470613887
0.11412131196418773,-0.509761170984895,0.5775084426330594,0.5424442614230366
1.0,1.0,0.3604432509169515,13.819325056844175
-1.0,1.0,-0.32087240946425655,11.721285730364631
0.4125124185991038,-1.0,-0.03285666191035941,1.2629938840793495
-0.283313403734913,-1.0,-0.5263420779492476,0.30787339402843894
0.5265591272107837,0.8667782341391488,-0.18163848432658303,4.3375278332764236
0.8212216365420326,-1.0,-1.0,-27.761623910250837
0.6330269813175735,0.5057966608563165,-0.45375046544108044,0.707259787318149
-0.5281679753066046,-1.0,0.0963025939525719,4.840603762684051
0.262978429166161,0.05048941652705974,-1.0,-3.2020130158663407
0.5994838491183268,-0.09619714247292843,-0.1304911013839929,0.9344770388648517
0.06813499406231194,1.0,0.2621289642497122,8.119342132917632
-1.0,-0.9416797685492055,1.0,20.19826500257854
0.32222110103177304,-0.17129076186849712,-0.832071268340306,-1.172955044746449
-0.14171584756979905,1.0,1.0,14.235919485356968
0.2985929726152168,0.7145355192293565,-0.22173757976897512,1.775765026305499
1.0,1.0,-0.21814061312453648,16.102102115713468
0.7924789485515809,-0.08036420793656118,0.5932131772735614,4.131387144067338
0.8225682765352345,-0.4110962774643214,-0.272777989040357,1.61794374357298
1.0,-0.3417085870957681,-0.7601577829917676,6.337550089927521
1.0,0.4359470583956353,1.0,20.57036112047407
0.2848979011342523,-0.8109377921660528,0.9671477467443352,-3.4522773605794295
-0.7619488919463695,-1.0,-1.0,-5.996185428960273
-1.0,-1.0,-1.0,3.949033710032406
1.0,-1.0,-0.14081221560950663,-9.341200143698284
0.5408142665800326,0.5811955441088721,-1.0,-2.158426853430369
0.8566499729760844,-1.0,0.5837450675482658,-3.2888654125091383
0.9305616175026254,1.0,0.8712639638986497,16.6034517490878
0.26401410640658174,-0.084446487876078,-0.6964473259622392,1.131648902844011
-1.0,-0.24076621801392828,0.6365537221557156,-1.8723486765726363
-0.4795463422142434,0.20487301627712728,0.07386403197626223,-1.0915800739567678
-1.0,-0.7060840957680632,-0.4221399788057627,1.6122327868934963
-0.9664435675830081,-0.9295252545410364,0.7475618106334261,12.22290558853852
-0.48526406165089475,-1.0,0.32286243292205774,4.095582932297523
0.6499466412950401,1.0,-0.5507408433773613,11.242448719509417
-1.0,-0.38051403913871207,0.3513805529301246,-2.0315936763879496
1.0,0.7291747569234357,0.282232523193253,8.850778957590036
-1.0,0.38789168684128383,-1.0,15.370159799367746
0.40515764531359544,0.304832459204494,1.0,1.4586786868116814
-0.3641985193358197,1.0,0.5229286101580897,7.124902465183708
0.3599236332289557,0.41851392532482334,0.22213508299350848,1.6689263506813292
-1.0,-0.19284717412710228,0.05579220975445698,-4.9778763046325345
0.5044150878093407,-0.7391670822332219,0.259082841947363,1.6232921390148474
0.19495660941324333,1.0,0.2486992890533828,7.723755253552145
-0.6764231678747206,0.5033214328826348,1.0,4.2899651967022985
-0.5855394008538217,0.4811038246918866,-1.0,-1.609155843479557
-0.17169853436939952,-0.6119304639816103,1.0,-1.1185316830390943
0.04207428586016704,0.42596913818005677,-0.898285107109535,-1.1609821624486891
1.0,-0.5550709147587698,0.5895231927508668,4.986927251798342
0.21820245890004197,-0.7789515064848695,-0.4543286622264202,1.365634154301541
-0.6546585042542086,1.0,0.16644792071384917,5.080458465450735
0.3900814475044283,0.13780404681891367,1.0,0.8413637516704735
-0.14373250754362865,1.0,-0.6797322661911886,8.688986931050938
-1.0,0.6696639719798085,-1.0,18.716326108092417
-0.8729019532521809,-0.6558843584098988,0.8409388001216822,5.411414120654513
0.505690624638985,-1.0,-0.7644356391959077,-8.707631776266648
-0.8830315916419269,-0.06278187029850102,-1.0,7.396959790141547
-0.8173185996878938,-0.5924283353553175,-1.0,2.661978205764596
0.4945068543199609,1.0,-0.371721330074821,10.578429559082991
0.8177543558270766,0.8336221279495493,-1.0,7.020233525076803
1.0,-0.008480682143812812,0.9369297060800801,11.01700214629597
-0.8594678251191286,0.32238578758269876,-0.31252976729049586,-2.3370035113659138
1.0,0.6329334738897394,0.019425798116117665,6.7135370122106535
0.5462270320523073,-0.08303598044111826,1.0,-0.7087650804432287
-0.3028674535230893,0.08392531459577501,-1.0,-2.6200226979354886
-0.5494887473557128,-0.5451734041536758,0.6260111760258458,1.1226277656294197
1.0,0.4965157570423637,-1.0,11.245194987339744
-0.6663857969399678,-0.27209677600312787,0.4118703922520506,0.547863665857667
0.18619239967156842,1.0,-1.0,4.853431597872393
1.0,-0.8159799930271541,0.1527828056550138,0.3884229942467222
0.09404727922977729,0.22478521375903848,0.21730731660172964,0.5291844765658635
1.0,0.9959045161812887,-0.7231734637471579,26.934279119073906
-1.0,-1.0,0.9997292191637341,22.864491635545207
-1.0,-1.0,0.717434484635137,16.75110015358256
1.0,0.5266803729275478,1.0,22.826806308409285
1.0,1.0,-1.0,38.63222147611111
0.2453318312389563,0.45394672966939464,0.5543855711887242,0.7881316086975806
-1.0,0.9366206471046867,0.778357330567254,1.8244938851460284
0.21209022541462952,1.0,0.6728916264598668,7.843406533547971
-0.29566277391416196,-0.3739918943299876,0.7797280345063489,-0.01541167127505165
-0.7870146086698306,0.6949709754126911,1.0,7.572956255913873
-0.9481526031792329,0.48700880683729464,0.3137668188265139,-4.945655866087359
0.27879073197417203,-0.22963273412495466,0.40406349936249697,0.756706082594428
0.5666607396798125,-0.03815082475488207,-0.013692486877038279,0.9700421624530925
0.8227482697373185,-0.3796385663953845,-0.03705571925111517,1.6031904500600378
-1.0,-0.48901485152339297,1.0,8.265598962795577
-0.5409576033871115,-1.0,-0.04119910718992004,3.9890912665598433
-1.0,-1.0,-0.5375799327227051,4.708641048271088
0.2850399506203911,-0.7811801530308657,-1.0,-10.620154374745049
0.21724150626987404,-0.8682309564044843,-1.0,-12.10814164602479
0.5360632777074059,-0.8343993350760808,0.06352917602244235,1.0716530971437297
-1.0,-0.16842553314992292,-0.25427444373505703,-4.193042197717225
-0.8076799967555661,0.5009829939903039,-1.0,4.974143588036577
-1.0,0.8605282904804772,-1.0,20.421271564252294
-0.033425379491588414,-0.4008633903997705,0.6678966185088562,0.19733407444806858
1.0,-0.8432764796956416,1.0,-1.9534293839362276
-0.5407228624208973,1.0,-0.06593986941669705,5.658228769096563
-0.11480578638109495,1.0,-0.5822857891067326,8.68989807037684
-0.27274697238414736,-0.7408907149318795,0.732959248760483,0.13027838758703106
0.6550378804235781,1.0,0.45134211223016507,7.658187682087407
0.1317185350743506,0.5202868225386594,-1.0,-3.1530704743993128
-1.0,-0.029297797966535866,-0.20753155180614624,-3.6952904766039856
-0.5811758829993396,-0.17086414687044127,-0.30948498059470664,-0.3317563123031453
-0.958456219662438,-0.6082555449411811,-0.8836802456781909,3.3898736101235993
1.0,1.0,-0.9267643633071143,35.656771008545455
0.4408986418028491,-0.22306921223270626,1.0,-2.0961692989102447
-0.3214571145801117,0.22335911069537917,0.11812905708675903,0.07850580718364392
1.0,0.7617219082031583,-0.03388848849286097,8.6829507533846
-1.0,0.5956382182851441,-0.9422234303716959,15.143463572714765
0.0912492158419631,-0.3937003855636567,-1.0,-5.997720987888644
0.31792080308536685,1.0,-0.2525978426000324,9.335615203864592
-0.5886772582738593,-0.4561790455231227,0.9394706935830057,1.383522730137566
-1.0,-0.6288043052091661,-1.0,5.5257177821082095
-0.09177713578428426,-0.2727087419797616,0.6946658868947493,-0.3377016070521635
-1.0,1.0,-0.060207339855953945,9.174805827930046
0.5034447595935463,0.8346603619235828,-1.0,-1.3621866713968322
0.2987313584650675,-1.0,1.0,-7.650780769763386
0.4685144399223702,-1.0,-1.0,-22.359852955259136
-0.4876369507302356,1.0,0.21258221228372376,5.883158119584654
-1.0,0.6988028507029611,-0.49977939682408956,3.677761649873669
-0.18364948188650732,-0.5754617720663189,-0.2608647166398641,1.3484297755831085
0.9185653101228781,-0.06385359448139627,1.0,7.153331891726425
1.0,0.9492234100508343,0.49500050477504254,13.065761037301273
1.0,1.0,-0.38062961808173745,17.763244935312386
-0.6721078391361399,-0.07837200002593425,-1.0,2.5731190616265542
0.9733609895014461,1.0,0.8777301094271595,19.503207274070395
0.8425146594254207,-0.4810140126940201,-1.0,-4.616420152936746
-0.4776318542261522,-0.6332197086170201,-0.8229053877770665,-0.47381926466582175
-0.30952469416407946,-0.6988956228586103,-0.7206666103310075,-1.6758139965159904
0.7560163221703335,-0.5325679275890234,-0.37133383077801585,1.334853264153492
-1.0,-0.9907110114371,-0.7173796127966523,3.559191609419044
0.5437307565535849,0.10724093952723956,-0.35801048610175834,1.1104570454231997
0.7116515657406399,0.2334847380545484,0.5422977447480104,3.2437523208306405
-0.41640314433215475,-0.5510301850872277,1.0,-0.10833600291175693
-0.6212468851388109,-0.07461389446542288,1.0,1.5374929817809562
-1.0,0.07084541769796271,-0.15735822984971226,-5.353158461137766
0.49935250810641163,-1.0,1.0,-7.13685582273534
0.1817964777559331,-0.3277481667745754,0.5318411393438716,0.6600933499215138
0.1926886694045995,-1.0,-0.7397323098837683,-6.2206002971076835
1.0,-0.7366691594473194,-0.10768750164084206,1.7964179091686967
0.8098586576715523,1.0,0.4875155554404367,9.030967276873275
0.128561123545047,0.6530215620773061,-0.24416016755239944,0.9580414221200737
-0.3200587801694852,0.9279813752993449,-1.0,-1.945861579289732
-0.034300298423278086,0.49657574758050615,-0.12011580111806164,-0.007930829193580596
-0.32229053978808997,-1.0,0.059244267305314624,4.428781265066301
-0.2741643000532803,-1.0,-1.0,-14.654785579670166
-1.0,0.9751103627078603,-1.0,20.72550539342086
1.0,1.0,0.010019820952615666,13.998227981399458
0.5764540518805101,0.6758761310234109,-1.0,-2.0888880122032756
-0.6493966059321845,-0.42722867273541976,-0.10027446922704386,0.765244455739412
0.5012315809979409,1.0,1.0,9.503301813037263
-0.7362361322357049,0.20748706985679455,-0.1565210167249369,-1.86109185403699
0.004414838758856732,1.0,0.43808867101939275,7.049518679395299
-1.0,-0.01809045462794323,0.9977991468989973,3.9916605379257484
-1.0,0.7824509614427053,0.6812763804672017,-1.7449582062509894
1.0,0.6485894228220435,0.4181281065603748,10.127995475576247
-0.2221973827571273,0.8581542072791588,-0.368295223596798,1.6332448672823363
-0.6946276346605824,-0.0440036593072739,0.34795089417666736,-1.1223250077644695
-0.12140052876966423,0.5006966868608309,0.01411237761416717,0.24346843891248748
1.0,1.0,-0.1926716921254541,15.999960604610886
-0.8377736384204659,-0.30610988773491776,0.49734240251081485,-0.05330742391429644
1.0,-0.29103232274649304,-1.0,4.906839939182501
1.0,1.0,0.26385553668526973,12.960280138237259
-1.0,0.4555184476419023,0.6918123195371908,-3.995239809177939
0.1602982115725713,0.030149149725231972,-0.21069475569889407,0.9611463388057451
0.1478338231091425,-0.5192969945161829,-0.4284666542383462,0.905086560943261
0.9258534227360318,-0.1631679259980967,-0.8457650407377777,3.881943561038633
0.9570835524808092,-0.30267940923831405,0.4044475419560738,4.557099285625628
0.6462557277541006,-1.0,0.005258063721376605,-1.1085374949031124
-0.8264637413599187,-0.5376317844455745,1.0,5.650416086603549
-0.44418986352634904,0.7443118748718411,-0.7476672010281289,-1.558758413751547
0.7260161201645896,-0.7037302807161865,1.0,-3.7055598674050225
0.15076368604940638,0.39107500008880414,-1.0,-3.6519558624953286
-1.0,-0.016564665530430567,-1.0,10.831038386799603
0.4201177679569865,0.7320449798689528,1.0,5.989549651468872
-1.0,0.7174486215970801,-0.3226798202741499,0.5548830698149543
-1.0,0.1916956891976802,0.9734829174366075,2.8811588057352164
-0.06912748905639599,1.0,-0.5373802350132475,9.613151674595995
0.05269240051077717,-0.16010023504117266,0.1931965984718531,1.5765802786515928
0.7991753511730464,0.42677562669828895,0.6581789717682391,4.21955062971806
-0.0642671402151378,-0.09904517344904007,-1.0,-3.4056604206726444
-0.18415638812233315,0.5318977159899396,-0.16402492923863843,-0.1285437052131374
0.7831103233288457,-0.6821451672953964,-0.9996480887329768,-8.365756666460243
-0.004087492862588915,1.0,0.6037979422994053,9.335756685679284
0.31329703439952516,0.4606723803015451,0.06985846219392311,0.9917881165177971
-0.6384521913835273,0.5808194565783862,1.0,5.481510860647376
-1.0,-0.24848133465769928,-0.05229465212000628,-3.4897248501543037
-0.5025916052512709,-0.6583436090626376,-0.9373942472180354,-2.032491692781184
-0.1894307298561444,1.0,1.0,14.448184146850842
1.0,-0.06017028665602675,0.1393160118063459,4.9919297174679675
0.07706453488134768,0.48811861987196203,0.7276152345735525,0.72959932654666
-1.0,1.0,0.5768955740883226,0.7905258692614998
1.0,-0.3363609132067569,0.1602696899464524,4.394215718487467
-1.0,1.0,-0.32004951118374825,11.362771922191897
0.7517353963246505,1.0,-1.0,14.414529430454204
-0.20457533714379972,0.7993581279210411,0.04011923609384782,0.990008299243668
0.3326133221272043,0.16401340303403855,-0.7485464592208544,0.913060485606825
0.01974381292424554,-0.8537746351380899,0.9506248688971333,-2.8765391618628007
-0.6999391093392848,-0.657127119476532,-1.0,-0.8045157106457826
0.3196703330422088,0.4882065509700386,-0.5478910810738145,-0.0953610663224741
-0.34041331970756383,-0.3945201395868181,0.05221248491917452,1.4990628918673212
0.536427186244234,0.07450231275665065,-0.14071803427208462,0.2996121470072013
0.5529169225390582,-0.9759837414104644,0.38427408544086594,-0.14049677471650943
0.9977145020671638,-1.0,1.0,-8.09442420810365
-1.0,0.10933390491371231,-0.9964728071320088,12.52467639945652
-0.13370599996195787,0.42959531183493804,0.19125834692216004,-0.02854900829910316
-0.22737185575702568,0.9956139743875372,1.0,14.392750176194422
-0.30874405824474493,-0.5397540522660809,0.7316479220443846,0.2075137197373944
-0.13578068048590586,-0.7776240147964932,1.0,-2.0701806666379583
-0.5079556529957925,-0.6898916596501099,-1.0,-4.045431012471434
0.0637579442464038,-0.6451042577841177,-0.33164167508559217,1.1750686596479514
-0.13459977403148837,-0.8580832623332919,0.03323637083742281,2.346553371118974
-0.30558724604648924,1.0,-0.1855572001812582,7.6954062539132355
-1.0,-0.7017153208982798,1.0,13.859307722095043
1.0,0.23110992830086197,-0.8968566935982096,9.877832587696659
-0.5590422506622328,0.3639273200661186,-0.8347771467731078,-1.2060785626767059
-1.0,1.0,-0.976659021225678,19.74971217778173
-1.0,1.0,0.5083460746253778,1.3899752329038209
-0.9084233616796262,0.1887075893012511,0.5554644102036459,-3.703649896862032
-0.1768982186051924,1.0,-0.6615040267581394,8.40856592998561
0.0031425040909567326,0.31852553863768107,-1.0,-3.1049689369892333
-0.6682992429423005,0.6855630035756213,-0.03785348438957503,-1.7278561667545975
0.09322388022536221,-0.41034203359774457,0.6411207419216385,0.4266794795363297
0.014840644113351287,1.0,-0.18871794147011034,7.884286095279186
0.9800683418825133,-0.9954561464414224,0.42716351678250697,-6.080007275837295
-0.24028240927517208,-0.10986217050922331,-0.00734518043878718,-0.07256288838115166
-1.0,-0.8482869527186785,-1.0,4.208493831841879
0.10619016753333854,0.6555280844618132,-0.13314864506605817,0.7622920977829346
-0.49736511097148095,-0.1585509963386158,-0.22537529957153812,-0.011652386337225845
